id,name,datetime,department_id,job_id
1001,Ana Lopez,2021-01-15T10:00:00Z,1,2
1002,Carlos Perez,2021-02-10T11:30:00Z,2,3
1003,Maria Ruiz,2021-03-20T09:15:00Z,3,1
1004,John Smith,2021-04-05T14:00:00Z,1,4
1005,Laura Gomez,2021-05-12T08:45:00Z,4,3
1006,David Brown,2021-06-18T16:10:00Z,5,5
1007,Sofia Martinez,2021-07-22T13:20:00Z,3,2
1008,Daniel Wilson,2021-08-09T12:00:00Z,1,3
1009,Emma Johnson,2021-09-30T17:25:00Z,2,4
1010,Luis Torres,2021-10-11T10:05:00Z,3,1
1011,Paula Diaz,2021-11-19T15:35:00Z,4,2
1012,Michael Lee,2021-12-07T18:40:00Z,5,5
